<?xml version="1.0" encoding="UTF-8"?>
<Configuration status="WARN" packages="com.cn.ixiaohei.Main">
    <Appenders>
        <Console name="SysOut" target="SYSTEM_OUT">
            <PatternLayout pattern="[%d{HH:mm:ss}] [%t/%highlight{%-5level}{FATAL=Bright RED, ERROR=RED, WARN=Yellow, INFO=Green, DEBUG=Cyan, TRACE=White}]: %msg%n" />
        </Console>
        <RollingRandomAccessFile name="File" fileName="logs/latest.log" filePattern="logs/%d{yyyy-MM-dd}-%i.log.gz">
            <PatternLayout pattern="[%d{HH:mm:ss}] [%t/%highlight{%-5level}{FATAL=Bright RED, ERROR=RED, WARN=Yellow, INFO=Green, DEBUG=Cyan, TRACE=White}]: %msg%n" />
            <Policies>
                <TimeBasedTriggeringPolicy />
                <OnStartupTriggeringPolicy />
            </Policies>
        </RollingRandomAccessFile>
    </Appenders>
    <Loggers>
        <Root level="info">
            <filters>
                <MarkerFilter marker="NETWORK_PACKETS" onMatch="DENY" onMismatch="NEUTRAL" />
            </filters>
            <AppenderRef ref="SysOut"/>
            <AppenderRef ref="File"/>
        </Root>
    </Loggers>
</Configuration>